Geracoes,Tempo_execucao_s,Desperdicio_m,Repeticao,Num_Bins,Melhor_Solucao
100,2.921189546585083,108.49999999999993,1,152,"[['M', 'M', 'P'], ['G', 'G'], ['M', 'M', 'G'], ['M', 'G', 'M'], ['M', 'M', 'G'], ['GG', 'P'], ['P', 'P', 'G'], ['M', 'M'], ['GG', 'G'], ['M', 'G'], ['G', 'M', 'P'], ['M', 'M', 'P'], ['G', 'GG'], ['M', 'G', 'M'], ['GG', 'M'], ['GG', 'M'], ['G', 'GG'], ['GG', 'M'], ['G', 'M', 'M'], ['M', 'GG'], ['M', 'P', 'M'], ['G', 'M', 'M'], ['G', 'GG'], ['G', 'M', 'M'], ['GG', 'GG'], ['M', 'M', 'G'], ['M', 'P', 'M'], ['P', 'GG'], ['G', 'GG'], ['P', 'GG'], ['G', 'M'], ['GG', 'M'], ['GG', 'G'], ['M', 'M', 'M'], ['M', 'G', 'M'], ['G', 'M', 'P'], ['G', 'GG'], ['GG', 'M'], ['GG', 'M'], ['GG', 'G'], ['M', 'G', 'M'], ['G', 'GG'], ['GG', 'G'], ['G', 'M', 'P'], ['M', 'GG'], ['M', 'G', 'M'], ['M', 'GG'], ['M', 'M', 'G'], ['G', 'M', 'P'], ['GG', 'GG'], ['M', 'G'], ['GG', 'GG'], ['M', 'M'], ['GG', 'GG'], ['GG', 'G'], ['G', 'G'], ['G', 'M', 'M'], ['M', 'G', 'M'], ['G', 'M', 'M'], ['G', 'P', 'M'], ['M', 'G'], ['G', 'G'], ['G', 'GG'], ['M', 'G', 'M'], ['M', 'M', 'G'], ['M', 'G', 'P'], ['P', 'M', 'P'], ['G', 'GG'], ['GG', 'M'], ['M', 'GG'], ['M', 'G'], ['G', 'GG'], ['M', 'G', 'M'], ['P', 'M', 'P'], ['P', 'P'], ['GG', 'G'], ['G', 'M', 'M'], ['M', 'M', 'G'], ['P', 'GG'], ['G', 'P', 'M'], ['M', 'G'], ['G', 'G'], ['G', 'P', 'M'], ['M', 'GG'], ['G', 'P', 'P'], ['M', 'GG'], ['G', 'P'], ['G', 'M', 'M'], ['P', 'M', 'M'], ['G', 'GG'], ['M', 'M', 'G'], ['G', 'M', 'P'], ['P', 'GG'], ['M', 'P', 'G'], ['P', 'G', 'M'], ['P', 'G', 'M'], ['M', 'M', 'G'], ['G', 'M', 'M'], ['M', 'GG'], ['M', 'M', 'P'], ['M', 'G'], ['G', 'M', 'M'], ['GG', 'GG'], ['M', 'GG'], ['M', 'G'], ['G', 'GG'], ['G', 'G'], ['GG', 'P'], ['G', 'P', 'M'], ['GG', 'M'], ['M', 'M'], ['GG', 'M'], ['M', 'M', 'P'], ['M', 'P', 'P'], ['P', 'G', 'M'], ['M', 'G'], ['G', 'P', 'M'], ['G', 'P'], ['G', 'GG'], ['GG', 'P'], ['M', 'M', 'P'], ['G', 'M'], ['G', 'G'], ['G', 'P', 'M'], ['P', 'M', 'G'], ['P', 'G', 'M'], ['GG', 'GG'], ['G', 'G'], ['M', 'G', 'M'], ['M', 'G', 'M'], ['M', 'GG'], ['GG', 'GG'], ['P', 'G'], ['G', 'M', 'M'], ['P', 'G', 'M'], ['M', 'M', 'G'], ['G', 'G'], ['M', 'M', 'G'], ['M', 'G', 'M'], ['M', 'M', 'M'], ['GG', 'GG'], ['GG', 'GG'], ['GG', 'GG'], ['GG', 'GG'], ['P', 'GG'], ['GG', 'GG'], ['M', 'M'], ['GG', 'M'], ['GG', 'M'], ['G', 'M', 'M'], ['M', 'M', 'M'], ['M']]"
100,2.9368090629577637,113.49999999999993,2,153,"[['GG', 'G'], ['GG', 'G'], ['G', 'M', 'M'], ['M', 'M', 'G'], ['M', 'GG'], ['G', 'M'], ['GG', 'M'], ['M', 'M', 'P'], ['M', 'M', 'M'], ['M', 'G', 'P'], ['P', 'G'], ['GG', 'M'], ['GG', 'GG'], ['M', 'GG'], ['M', 'P', 'M'], ['P', 'GG'], ['M', 'M', 'M'], ['P', 'G', 'M'], ['G', 'M'], ['G', 'G'], ['G', 'G'], ['P', 'M', 'P'], ['G', 'GG'], ['M', 'G'], ['G', 'M', 'M'], ['P', 'G', 'P'], ['M', 'GG'], ['G', 'GG'], ['G', 'P', 'M'], ['G', 'P'], ['GG', 'M'], ['G', 'GG'], ['P', 'GG'], ['G', 'G'], ['M', 'M', 'P'], ['G', 'M', 'P'], ['M', 'G', 'M'], ['GG', 'GG'], ['G', 'GG'], ['M', 'P', 'G'], ['GG', 'G'], ['P', 'G'], ['G', 'M'], ['G', 'M', 'P'], ['G', 'M', 'M'], ['M', 'P', 'P'], ['M', 'M', 'M'], ['M', 'G'], ['G', 'M', 'M'], ['M', 'M'], ['GG', 'M'], ['G', 'M', 'M'], ['G', 'G'], ['M', 'M', 'G'], ['GG', 'M'], ['G', 'P', 'M'], ['GG', 'GG'], ['M', 'P', 'G'], ['GG', 'P'], ['GG', 'M'], ['GG', 'M'], ['G', 'M', 'P'], ['P', 'M', 'M'], ['P', 'GG'], ['P', 'G', 'M'], ['M', 'P', 'G'], ['M', 'G'], ['GG', 'G'], ['GG', 'G'], ['G', 'GG'], ['G', 'GG'], ['G', 'G'], ['M', 'G'], ['G', 'M', 'M'], ['GG', 'G'], ['G', 'M', 'M'], ['M', 'M', 'M'], ['GG', 'M'], ['P', 'M', 'G'], ['M', 'G', 'M'], ['P', 'P', 'P'], ['GG', 'M'], ['M', 'G', 'M'], ['GG', 'GG'], ['G', 'G'], ['GG', 'GG'], ['M', 'M', 'G'], ['M', 'M'], ['GG', 'M'], ['M', 'GG'], ['G', 'GG'], ['M', 'M', 'M'], ['G', 'M', 'M'], ['M', 'G', 'M'], ['G', 'GG'], ['G', 'GG'], ['M', 'M', 'M'], ['M', 'M', 'P'], ['M', 'G'], ['G', 'GG'], ['GG', 'M'], ['M', 'G', 'M'], ['G', 'GG'], ['GG', 'GG'], ['M', 'M', 'G'], ['M', 'M', 'M'], ['P', 'G'], ['GG', 'P'], ['GG', 'G'], ['GG', 'M'], ['M', 'M', 'M'], ['P', 'M', 'G'], ['G', 'M'], ['GG', 'GG'], ['G', 'GG'], ['GG', 'G'], ['M', 'M', 'M'], ['G', 'M', 'M'], ['M', 'GG'], ['M', 'M', 'M'], ['M', 'P', 'M'], ['M', 'M', 'M'], ['GG', 'GG'], ['GG', 'M'], ['M', 'G'], ['GG', 'GG'], ['P', 'M', 'M'], ['M', 'M', 'G'], ['G', 'P'], ['G', 'M', 'M'], ['G', 'M', 'M'], ['M', 'G', 'M'], ['P', 'M', 'P'], ['GG', 'G'], ['GG', 'GG'], ['M', 'M', 'M'], ['G', 'M', 'P'], ['GG', 'G'], ['M', 'P', 'G'], ['G', 'P', 'P'], ['GG', 'G'], ['M', 'M', 'G'], ['G', 'G'], ['GG', 'GG'], ['P', 'G'], ['G', 'P'], ['G', 'M'], ['G', 'P'], ['G', 'M'], ['GG', 'M'], ['G', 'GG'], ['G', 'M', 'P'], ['P', 'G']]"
100,2.87432861328125,103.50000000000001,3,151,"[['M', 'M', 'G'], ['M', 'G', 'M'], ['M', 'G', 'M'], ['P', 'M'], ['GG', 'G'], ['G', 'M'], ['G', 'M'], ['G', 'GG'], ['G', 'G'], ['M', 'GG'], ['M', 'G', 'P'], ['M', 'M', 'M'], ['G', 'G'], ['G', 'M', 'M'], ['G', 'G'], ['G', 'P'], ['G', 'GG'], ['P', 'P', 'G'], ['M', 'G', 'M'], ['M', 'M', 'M'], ['M', 'G', 'P'], ['M', 'M', 'M'], ['G', 'G'], ['M', 'M'], ['GG', 'M'], ['G', 'G'], ['G', 'P', 'M'], ['G', 'M', 'M'], ['G', 'P', 'M'], ['GG', 'G'], ['M', 'GG'], ['M', 'GG'], ['G', 'M', 'M'], ['G', 'G'], ['G', 'M', 'M'], ['M', 'G', 'P'], ['GG', 'P'], ['M', 'M', 'M'], ['G', 'M'], ['G', 'M', 'P'], ['M', 'G', 'P'], ['M', 'GG'], ['GG', 'GG'], ['GG', 'GG'], ['G', 'M', 'P'], ['M', 'GG'], ['G', 'P', 'P'], ['P', 'M', 'G'], ['P', 'G', 'P'], ['G', 'GG'], ['M', 'GG'], ['M', 'GG'], ['G', 'P'], ['G', 'G'], ['P', 'M', 'G'], ['GG', 'M'], ['G', 'M'], ['GG', 'M'], ['GG', 'GG'], ['M', 'P', 'G'], ['G', 'G'], ['GG', 'M'], ['M', 'M', 'P'], ['GG', 'GG'], ['GG', 'M'], ['M', 'GG'], ['P', 'M', 'G'], ['G', 'GG'], ['GG', 'M'], ['M', 'M', 'G'], ['M', 'P', 'G'], ['GG', 'GG'], ['P', 'M', 'M'], ['M', 'G'], ['GG', 'M'], ['M', 'G', 'M'], ['G', 'M', 'M'], ['M', 'M', 'M'], ['P', 'M', 'M'], ['M', 'M', 'M'], ['GG', 'P'], ['GG', 'M'], ['M', 'G'], ['GG', 'GG'], ['M', 'G', 'P'], ['M', 'P', 'P'], ['M', 'M', 'G'], ['G', 'G'], ['G', 'G'], ['GG', 'GG'], ['G', 'M', 'M'], ['M', 'M', 'M'], ['M', 'G', 'M'], ['M', 'GG'], ['P', 'M', 'M'], ['G', 'GG'], ['GG', 'P'], ['M', 'M', 'P'], ['GG', 'GG'], ['M', 'P'], ['GG', 'M'], ['GG', 'G'], ['GG', 'GG'], ['GG', 'G'], ['M', 'M', 'G'], ['M', 'M', 'G'], ['GG', 'G'], ['G', 'G'], ['M', 'M', 'M'], ['G', 'P'], ['G', 'M', 'M'], ['M', 'G', 'P'], ['G', 'G'], ['M', 'M', 'M'], ['G', 'G'], ['GG', 'G'], ['G', 'GG'], ['M', 'M', 'G'], ['M', 'P', 'M'], ['M', 'M', 'G'], ['M', 'GG'], ['M', 'M', 'M'], ['M', 'GG'], ['M', 'P', 'M'], ['P', 'M', 'M'], ['GG', 'GG'], ['M', 'M', 'G'], ['GG', 'G'], ['G', 'M', 'P'], ['M', 'P', 'G'], ['GG', 'GG'], ['G', 'P', 'M'], ['G', 'GG'], ['G', 'M', 'M'], ['M', 'P', 'M'], ['M', 'G'], ['GG', 'GG'], ['P', 'P', 'G'], ['M', 'G', 'M'], ['G', 'GG'], ['M', 'G', 'M'], ['P', 'P'], ['GG', 'P'], ['GG', 'M'], ['GG', 'GG'], ['M', 'M', 'M'], ['GG', 'GG'], ['G', 'P', 'M'], ['G', 'M', 'P'], ['GG', 'G'], ['GG', 'G']]"
500,15.621337175369263,103.49999999999989,1,151,"[['M', 'GG'], ['GG', 'M'], ['G', 'GG'], ['M', 'GG'], ['M', 'G'], ['G', 'M'], ['G', 'M', 'P'], ['G', 'P', 'M'], ['GG', 'GG'], ['M', 'M', 'G'], ['G', 'G'], ['M', 'P', 'G'], ['M', 'G'], ['G', 'G'], ['G', 'M', 'M'], ['G', 'M', 'M'], ['G', 'M', 'M'], ['M', 'M', 'G'], ['M', 'G', 'M'], ['M', 'M', 'G'], ['M', 'M', 'M'], ['G', 'GG'], ['M', 'M', 'P'], ['G', 'GG'], ['GG', 'GG'], ['GG', 'M'], ['GG', 'G'], ['GG', 'P'], ['M', 'P', 'G'], ['M', 'G', 'M'], ['P', 'M', 'P'], ['M', 'G'], ['G', 'GG'], ['M', 'GG'], ['G', 'GG'], ['M', 'G'], ['G', 'G'], ['M', 'M', 'M'], ['M', 'M', 'M'], ['G', 'G'], ['GG', 'GG'], ['G', 'P'], ['G', 'GG'], ['GG', 'G'], ['M', 'M', 'G'], ['G', 'P', 'M'], ['M', 'M', 'M'], ['P', 'G', 'M'], ['M', 'M', 'G'], ['M', 'M', 'M'], ['G', 'M', 'P'], ['G', 'M', 'M'], ['GG', 'P'], ['G', 'P'], ['G', 'M', 'P'], ['M', 'GG'], ['M', 'M', 'P'], ['G', 'GG'], ['G', 'G'], ['M', 'G'], ['GG', 'G'], ['M', 'GG'], ['M', 'P', 'M'], ['M', 'G', 'M'], ['GG', 'P'], ['M', 'P', 'M'], ['M', 'GG'], ['M', 'M', 'G'], ['P', 'GG'], ['M', 'G'], ['G', 'GG'], ['G', 'GG'], ['GG', 'GG'], ['GG', 'P'], ['M', 'G', 'M'], ['GG', 'G'], ['M', 'P', 'M'], ['G', 'M', 'M'], ['M', 'G', 'P'], ['M', 'GG'], ['G', 'M', 'P'], ['M', 'G', 'M'], ['GG', 'GG'], ['G', 'GG'], ['M', 'G'], ['G', 'GG'], ['G', 'M', 'P'], ['M', 'GG'], ['G', 'M'], ['GG', 'G'], ['M', 'M', 'G'], ['G', 'M', 'M'], ['M', 'M'], ['GG', 'M'], ['G', 'P', 'P'], ['G', 'M', 'P'], ['G', 'G'], ['M', 'P', 'G'], ['G', 'M', 'M'], ['GG', 'GG'], ['M', 'M', 'M'], ['G', 'M', 'P'], ['M', 'P', 'G'], ['M', 'P', 'G'], ['M', 'G', 'M'], ['GG', 'M'], ['M', 'P'], ['GG', 'GG'], ['P', 'M', 'P'], ['M', 'M', 'P'], ['P', 'G', 'M'], ['GG', 'M'], ['G', 'M', 'P'], ['G', 'M', 'M'], ['M', 'P', 'M'], ['GG', 'GG'], ['G', 'P'], ['GG', 'G'], ['GG', 'P'], ['P', 'G', 'M'], ['G', 'M', 'M'], ['M', 'G', 'M'], ['M', 'GG'], ['GG', 'GG'], ['GG', 'GG'], ['M', 'GG'], ['P', 'M', 'P'], ['GG', 'G'], ['M', 'M', 'G'], ['GG', 'GG'], ['GG', 'P'], ['P', 'M', 'G'], ['G', 'G'], ['M', 'G', 'P'], ['GG', 'GG'], ['G', 'G'], ['G', 'M', 'M'], ['G', 'P'], ['G', 'M'], ['GG', 'G'], ['M', 'M', 'M'], ['GG', 'GG'], ['M', 'GG'], ['M', 'M', 'M'], ['M', 'M', 'G'], ['M', 'G', 'M'], ['M', 'M', 'M'], ['G', 'GG'], ['M', 'P', 'P'], ['M', 'GG'], ['G']]"
500,16.699241638183594,98.49999999999993,2,150,"[['G', 'M', 'M'], ['M', 'M', 'M'], ['M', 'GG'], ['GG', 'P'], ['G', 'GG'], ['G', 'M', 'M'], ['M', 'M'], ['GG', 'G'], ['G', 'GG'], ['GG', 'G'], ['M', 'M'], ['GG', 'G'], ['M', 'G'], ['G', 'M', 'M'], ['M', 'GG'], ['M', 'M', 'G'], ['G', 'G'], ['GG', 'GG'], ['M', 'M', 'P'], ['M', 'GG'], ['GG', 'G'], ['M', 'GG'], ['M', 'G'], ['G', 'GG'], ['M', 'M', 'G'], ['M', 'M', 'M'], ['G', 'P'], ['G', 'P'], ['G', 'M', 'P'], ['P', 'M', 'G'], ['M', 'M', 'P'], ['M', 'P', 'M'], ['G', 'M', 'P'], ['G', 'P', 'M'], ['GG', 'GG'], ['GG', 'M'], ['G', 'P'], ['GG', 'M'], ['M', 'G', 'M'], ['M', 'M', 'M'], ['G', 'G'], ['GG', 'GG'], ['M', 'GG'], ['GG', 'G'], ['M', 'G', 'M'], ['M', 'G', 'M'], ['M', 'M', 'G'], ['G', 'GG'], ['M', 'G', 'P'], ['GG', 'G'], ['G', 'M', 'M'], ['GG', 'G'], ['M', 'P', 'G'], ['GG', 'G'], ['P', 'GG'], ['G', 'M', 'M'], ['GG', 'G'], ['G', 'GG'], ['M', 'M', 'G'], ['GG', 'G'], ['GG', 'G'], ['M', 'M', 'G'], ['M', 'GG'], ['M', 'G', 'M'], ['G', 'GG'], ['G', 'M', 'P'], ['M', 'GG'], ['GG', 'M'], ['P', 'P', 'G'], ['P', 'M', 'M'], ['G', 'M', 'M'], ['M', 'P', 'P'], ['G', 'G'], ['M', 'M', 'M'], ['P', 'G', 'M'], ['G', 'M', 'M'], ['M', 'G'], ['GG', 'P'], ['P', 'M', 'M'], ['G', 'M', 'M'], ['GG', 'M'], ['P', 'M', 'M'], ['M', 'P', 'P'], ['GG', 'M'], ['GG', 'GG'], ['G', 'M', 'P'], ['M', 'G', 'P'], ['P', 'GG'], ['GG', 'P'], ['M', 'G', 'P'], ['G', 'G'], ['P', 'M', 'G'], ['M', 'G', 'M'], ['GG', 'GG'], ['G', 'M', 'M'], ['M', 'M', 'G'], ['G', 'P'], ['GG', 'M'], ['M', 'G', 'P'], ['G', 'M', 'M'], ['M', 'G', 'M'], ['G', 'P', 'M'], ['M', 'M', 'G'], ['G', 'M'], ['G', 'G'], ['GG', 'M'], ['G', 'M', 'P'], ['GG', 'P'], ['GG', 'M'], ['GG', 'G'], ['GG', 'GG'], ['M', 'M'], ['GG', 'M'], ['GG', 'G'], ['G', 'M', 'M'], ['P', 'P', 'G'], ['GG', 'P'], ['M', 'M', 'P'], ['M', 'M', 'M'], ['GG', 'GG'], ['GG', 'G'], ['M', 'M', 'M'], ['M', 'M', 'G'], ['GG', 'GG'], ['M', 'GG'], ['M', 'G', 'M'], ['G', 'P', 'M'], ['M', 'P', 'G'], ['M', 'M', 'M'], ['P', 'G'], ['G', 'G'], ['M', 'G', 'M'], ['M', 'G', 'M'], ['GG', 'GG'], ['G', 'GG'], ['G', 'M', 'P'], ['M', 'P', 'M'], ['M', 'G', 'P'], ['M', 'GG'], ['M', 'G'], ['GG', 'GG'], ['G', 'M', 'M'], ['P', 'GG'], ['G', 'G'], ['M', 'M', 'G'], ['G', 'G'], ['GG', 'P'], ['GG', 'GG'], ['M', 'M', 'G'], ['G', 'M', 'P']]"
500,16.902287244796753,108.4999999999999,3,152,"[['GG', 'G'], ['G', 'M', 'M'], ['M', 'M', 'G'], ['P', 'M', 'G'], ['G', 'GG'], ['G', 'M', 'M'], ['M', 'GG'], ['M', 'M', 'G'], ['GG', 'M'], ['M', 'M', 'M'], ['G', 'G'], ['GG', 'GG'], ['G', 'G'], ['G', 'P'], ['GG', 'M'], ['P', 'G', 'M'], ['G', 'G'], ['GG', 'M'], ['M', 'GG'], ['M', 'GG'], ['GG', 'GG'], ['M', 'M', 'G'], ['M', 'M', 'G'], ['P', 'G', 'M'], ['G', 'GG'], ['M', 'GG'], ['M', 'GG'], ['M', 'G'], ['GG', 'M'], ['P', 'GG'], ['G', 'G'], ['M', 'M', 'M'], ['G', 'M', 'M'], ['GG', 'GG'], ['G', 'M', 'P'], ['P', 'G'], ['GG', 'GG'], ['GG', 'G'], ['G', 'G'], ['G', 'G'], ['G', 'M', 'M'], ['G', 'M', 'M'], ['M', 'M', 'M'], ['M', 'G', 'M'], ['GG', 'G'], ['M', 'M', 'M'], ['P', 'G', 'M'], ['GG', 'M'], ['M', 'G', 'M'], ['P', 'M', 'M'], ['G', 'G'], ['GG', 'G'], ['M', 'G', 'P'], ['G', 'G'], ['M', 'GG'], ['M', 'M', 'M'], ['M', 'GG'], ['G', 'M', 'M'], ['P', 'G', 'M'], ['GG', 'G'], ['G', 'G'], ['M', 'M'], ['GG', 'M'], ['GG', 'P'], ['M', 'M', 'G'], ['M', 'M', 'G'], ['M', 'M', 'M'], ['M', 'GG'], ['G', 'G'], ['G', 'P', 'M'], ['G', 'G'], ['P', 'G', 'P'], ['G', 'P', 'M'], ['P', 'GG'], ['M', 'M', 'M'], ['GG', 'G'], ['M', 'M'], ['GG', 'M'], ['GG', 'P'], ['GG', 'G'], ['G', 'G'], ['GG', 'G'], ['P', 'P', 'P'], ['P', 'GG'], ['G', 'M', 'M'], ['G', 'M', 'M'], ['GG', 'G'], ['GG', 'GG'], ['GG', 'M'], ['M', 'M', 'G'], ['G', 'P', 'P'], ['G', 'P', 'P'], ['M', 'GG'], ['M', 'M', 'M'], ['GG', 'G'], ['P', 'P', 'G'], ['M', 'M', 'M'], ['P', 'P', 'G'], ['P', 'M', 'M'], ['P', 'GG'], ['M', 'M', 'M'], ['M', 'G'], ['G', 'M', 'M'], ['M', 'M', 'M'], ['GG', 'GG'], ['GG', 'M'], ['G', 'M'], ['GG', 'GG'], ['M', 'GG'], ['G', 'M'], ['GG', 'GG'], ['G', 'P'], ['G', 'M', 'P'], ['P', 'M', 'M'], ['GG', 'M'], ['G', 'P', 'P'], ['M', 'M', 'P'], ['M', 'M', 'G'], ['G', 'M'], ['G', 'M'], ['G', 'GG'], ['GG', 'M'], ['M', 'G', 'P'], ['M', 'G', 'P'], ['M', 'GG'], ['M', 'GG'], ['G', 'G'], ['P', 'P', 'P'], ['GG', 'P'], ['M', 'P', 'M'], ['G', 'GG'], ['GG', 'P'], ['M', 'G', 'M'], ['M', 'M', 'G'], ['GG', 'P'], ['G', 'M', 'M'], ['M', 'GG'], ['M', 'G', 'M'], ['GG', 'GG'], ['P', 'G', 'M'], ['P', 'G', 'M'], ['GG', 'G'], ['M', 'G', 'M'], ['G', 'G'], ['M', 'M', 'M'], ['GG', 'GG'], ['M', 'GG'], ['M', 'G', 'M'], ['G', 'M'], ['GG', 'P'], ['M', 'G', 'M'], ['M', 'M', 'G']]"
1000,34.86679005622864,103.49999999999993,1,151,"[['G', 'M', 'M'], ['M', 'GG'], ['M', 'M', 'G'], ['M', 'M', 'P'], ['G', 'GG'], ['G', 'M', 'P'], ['P', 'G', 'P'], ['M', 'G', 'M'], ['M', 'G', 'P'], ['M', 'G', 'M'], ['G', 'M'], ['G', 'G'], ['GG', 'G'], ['M', 'M', 'P'], ['M', 'P', 'G'], ['M', 'M', 'M'], ['M', 'P', 'M'], ['G', 'M', 'M'], ['GG', 'G'], ['G', 'GG'], ['GG', 'G'], ['G', 'M', 'M'], ['GG', 'P'], ['G', 'M'], ['G', 'M', 'M'], ['GG', 'M'], ['M', 'P', 'P'], ['GG', 'M'], ['M', 'M', 'M'], ['GG', 'GG'], ['P', 'M', 'G'], ['M', 'M', 'G'], ['GG', 'M'], ['G', 'G'], ['G', 'GG'], ['M', 'G', 'M'], ['GG', 'G'], ['P', 'G', 'M'], ['P', 'P', 'M'], ['GG', 'G'], ['GG', 'G'], ['G', 'M', 'M'], ['M', 'M', 'P'], ['G', 'M', 'M'], ['M', 'M', 'G'], ['G', 'M', 'P'], ['M', 'M', 'M'], ['G', 'M'], ['GG', 'M'], ['M', 'G', 'M'], ['GG', 'GG'], ['GG', 'GG'], ['P', 'M', 'G'], ['G', 'GG'], ['M', 'GG'], ['G', 'GG'], ['GG', 'GG'], ['GG', 'G'], ['G', 'M'], ['GG', 'P'], ['GG', 'G'], ['M', 'G'], ['GG', 'G'], ['M', 'M', 'G'], ['M', 'G', 'M'], ['M', 'M', 'M'], ['P', 'GG'], ['GG', 'M'], ['M', 'P', 'G'], ['GG', 'M'], ['G', 'P'], ['G', 'GG'], ['M', 'G', 'M'], ['P', 'G'], ['G', 'P', 'M'], ['M', 'GG'], ['M', 'G', 'M'], ['M', 'M'], ['GG', 'G'], ['GG', 'GG'], ['G', 'M', 'P'], ['G', 'G'], ['M', 'M', 'G'], ['G', 'M', 'M'], ['M', 'M', 'G'], ['G', 'P'], ['G', 'GG'], ['P', 'M'], ['GG', 'GG'], ['GG', 'P'], ['G', 'P', 'M'], ['M', 'G', 'M'], ['G', 'M', 'M'], ['G', 'G'], ['GG', 'GG'], ['M', 'GG'], ['M', 'P', 'M'], ['M', 'G', 'M'], ['M', 'G', 'M'], ['M', 'M', 'P'], ['G', 'GG'], ['P', 'G', 'P'], ['M', 'GG'], ['G', 'M', 'M'], ['G', 'P', 'M'], ['GG', 'GG'], ['G', 'P'], ['GG', 'GG'], ['GG', 'M'], ['P', 'G'], ['G', 'G'], ['M', 'M', 'P'], ['M', 'G', 'P'], ['M', 'G', 'M'], ['GG', 'P'], ['P', 'M', 'P'], ['G', 'M'], ['G', 'M'], ['G', 'GG'], ['M', 'M'], ['GG', 'M'], ['M', 'G', 'M'], ['G', 'M'], ['G', 'M'], ['GG', 'GG'], ['M', 'GG'], ['GG', 'GG'], ['M', 'GG'], ['G', 'P', 'M'], ['P', 'M', 'G'], ['P', 'G', 'M'], ['M', 'M', 'M'], ['M', 'G', 'M'], ['M', 'M', 'M'], ['M', 'G', 'M'], ['G', 'G'], ['M', 'GG'], ['M', 'GG'], ['M', 'GG'], ['P', 'G', 'M'], ['M', 'M', 'P'], ['M', 'M', 'G'], ['P', 'P', 'M'], ['P', 'G'], ['G', 'M', 'M'], ['G', 'G'], ['P', 'G', 'M'], ['GG', 'GG'], ['GG', 'GG'], ['G', 'GG'], ['GG']]"
1000,34.24201154708862,108.49999999999991,2,152,"[['P', 'GG'], ['G', 'GG'], ['M', 'G', 'M'], ['G', 'P', 'P'], ['M', 'M', 'G'], ['M', 'G', 'M'], ['G', 'M', 'M'], ['GG', 'GG'], ['P', 'GG'], ['P', 'G'], ['G', 'M', 'M'], ['GG', 'G'], ['M', 'G', 'M'], ['P', 'P', 'G'], ['M', 'G'], ['G', 'GG'], ['GG', 'M'], ['M', 'M', 'M'], ['G', 'G'], ['M', 'G', 'M'], ['GG', 'M'], ['G', 'P'], ['G', 'P'], ['G', 'G'], ['G', 'P', 'M'], ['M', 'M', 'P'], ['G', 'M', 'M'], ['M', 'M', 'G'], ['P', 'M', 'G'], ['GG', 'GG'], ['G', 'P'], ['G', 'M', 'M'], ['M', 'P', 'M'], ['M', 'M', 'M'], ['M', 'G', 'M'], ['GG', 'G'], ['GG', 'G'], ['GG', 'M'], ['P', 'M', 'G'], ['M', 'G', 'P'], ['M', 'GG'], ['P', 'GG'], ['GG', 'GG'], ['M', 'M', 'M'], ['M', 'G', 'M'], ['M', 'GG'], ['M', 'G', 'M'], ['M', 'GG'], ['G', 'M', 'M'], ['M', 'GG'], ['M', 'G'], ['GG', 'M'], ['G', 'M'], ['G', 'M'], ['G', 'GG'], ['G', 'G'], ['M', 'GG'], ['P', 'M', 'M'], ['M', 'M', 'M'], ['G', 'M'], ['G', 'P'], ['GG', 'G'], ['P', 'G', 'M'], ['M', 'G', 'P'], ['P', 'M', 'M'], ['G', 'M', 'P'], ['M', 'M', 'M'], ['G', 'G'], ['M', 'M', 'P'], ['P', 'G', 'M'], ['G', 'GG'], ['M', 'P', 'G'], ['G', 'M'], ['GG', 'GG'], ['M', 'M', 'M'], ['M', 'M', 'G'], ['M', 'GG'], ['G', 'G'], ['M', 'G', 'P'], ['M', 'GG'], ['GG', 'G'], ['M', 'G', 'M'], ['G', 'GG'], ['G', 'GG'], ['P', 'GG'], ['GG', 'GG'], ['GG', 'G'], ['G', 'M', 'M'], ['M', 'M'], ['GG', 'G'], ['G', 'GG'], ['GG', 'GG'], ['GG', 'M'], ['M', 'M', 'G'], ['P', 'G', 'M'], ['M', 'M'], ['GG', 'G'], ['M', 'M', 'M'], ['M', 'G', 'P'], ['GG', 'M'], ['M', 'G'], ['GG', 'P'], ['GG', 'GG'], ['P', 'GG'], ['M', 'M', 'G'], ['G', 'G'], ['P', 'G', 'M'], ['GG', 'GG'], ['M', 'GG'], ['M', 'M'], ['GG', 'P'], ['G', 'M', 'P'], ['M', 'G'], ['GG', 'P'], ['M', 'M', 'M'], ['M', 'G', 'M'], ['GG', 'M'], ['P', 'GG'], ['GG', 'M'], ['GG', 'GG'], ['M', 'M', 'G'], ['G', 'GG'], ['M', 'G', 'P'], ['G', 'GG'], ['M', 'M', 'G'], ['GG', 'G'], ['GG', 'GG'], ['GG', 'GG'], ['M', 'M', 'G'], ['G', 'P', 'M'], ['M', 'M', 'G'], ['GG', 'M'], ['M', 'M', 'G'], ['M', 'M', 'G'], ['G', 'G'], ['G', 'M', 'M'], ['M', 'G', 'P'], ['P', 'G'], ['GG', 'G'], ['P', 'GG'], ['P', 'M'], ['GG', 'M'], ['G', 'M', 'P'], ['M', 'GG'], ['P', 'P', 'P'], ['G', 'M', 'M'], ['M', 'G', 'P'], ['P', 'P', 'G'], ['G', 'M', 'M'], ['G', 'M', 'M'], ['M', 'M', 'G'], ['M']]"
1000,35.7415816783905,103.49999999999986,3,151,"[['M', 'M', 'P'], ['M', 'G', 'P'], ['G', 'M', 'M'], ['M', 'M', 'G'], ['G', 'G'], ['GG', 'G'], ['GG', 'GG'], ['G', 'GG'], ['G', 'G'], ['G', 'GG'], ['M', 'G', 'M'], ['P', 'G', 'M'], ['GG', 'GG'], ['G', 'GG'], ['GG', 'M'], ['M', 'M', 'G'], ['M', 'G'], ['GG', 'G'], ['M', 'M', 'M'], ['M', 'P', 'G'], ['GG', 'GG'], ['M', 'P', 'M'], ['GG', 'M'], ['M', 'G'], ['G', 'G'], ['G', 'GG'], ['GG', 'GG'], ['G', 'M'], ['GG', 'G'], ['GG', 'M'], ['G', 'M', 'M'], ['G', 'M', 'M'], ['P', 'G', 'M'], ['G', 'G'], ['M', 'M'], ['GG', 'GG'], ['G', 'M', 'M'], ['G', 'P', 'P'], ['G', 'P', 'M'], ['M', 'G', 'M'], ['G', 'GG'], ['GG', 'M'], ['M', 'M', 'P'], ['M', 'M', 'G'], ['GG', 'M'], ['P', 'G', 'M'], ['P', 'M', 'P'], ['G', 'G'], ['M', 'M', 'G'], ['M', 'M', 'G'], ['GG', 'P'], ['P', 'M', 'M'], ['M', 'G', 'M'], ['M', 'GG'], ['G', 'G'], ['P', 'G', 'P'], ['M', 'M', 'P'], ['G', 'M'], ['GG', 'G'], ['GG', 'P'], ['GG', 'M'], ['G', 'M', 'P'], ['M', 'P', 'M'], ['GG', 'G'], ['M', 'GG'], ['P', 'G', 'M'], ['GG', 'G'], ['GG', 'G'], ['P', 'GG'], ['M', 'GG'], ['M', 'M', 'G'], ['G', 'M', 'P'], ['G', 'M', 'M'], ['G', 'GG'], ['P', 'G'], ['GG', 'M'], ['P', 'G'], ['G', 'M'], ['GG', 'P'], ['GG', 'M'], ['GG', 'G'], ['P', 'GG'], ['GG', 'GG'], ['GG', 'P'], ['M', 'G', 'P'], ['M', 'GG'], ['GG', 'G'], ['M', 'M', 'M'], ['GG', 'P'], ['M', 'M', 'M'], ['M', 'M', 'M'], ['M', 'M', 'M'], ['G', 'P'], ['G', 'M', 'M'], ['G', 'M'], ['G', 'M'], ['G', 'G'], ['GG', 'GG'], ['G', 'P', 'M'], ['G', 'G'], ['G', 'P', 'M'], ['M', 'M', 'G'], ['G', 'P', 'P'], ['GG', 'G'], ['M', 'M', 'M'], ['P', 'M'], ['GG', 'GG'], ['M', 'M', 'G'], ['P', 'M', 'G'], ['M', 'P', 'G'], ['M', 'GG'], ['G', 'M', 'M'], ['P', 'M', 'G'], ['G', 'M'], ['G', 'P', 'P'], ['M', 'M', 'M'], ['GG', 'G'], ['P', 'G', 'M'], ['P', 'GG'], ['G', 'G'], ['P', 'G', 'P'], ['M', 'M', 'M'], ['P', 'G', 'M'], ['GG', 'GG'], ['GG', 'M'], ['GG', 'GG'], ['GG', 'M'], ['M', 'GG'], ['M', 'G', 'M'], ['M', 'M', 'M'], ['G', 'M', 'M'], ['M', 'M', 'M'], ['M', 'G', 'M'], ['M', 'M', 'G'], ['GG', 'GG'], ['M', 'G'], ['G', 'G'], ['M', 'GG'], ['GG', 'G'], ['M', 'M', 'M'], ['G', 'G'], ['GG', 'G'], ['M', 'M', 'M'], ['P', 'G', 'M'], ['GG', 'GG'], ['G', 'M', 'M'], ['G', 'M', 'M'], ['M', 'M', 'M'], ['GG', 'P'], ['M', 'GG'], ['P', 'M', 'M']]"
5000,179.59851574897766,78.49999999999997,1,146,"[['GG', 'GG'], ['M', 'G'], ['G', 'M', 'M'], ['GG', 'GG'], ['P', 'GG'], ['M', 'P', 'G'], ['GG', 'GG'], ['GG', 'GG'], ['G', 'M', 'P'], ['G', 'G'], ['M', 'M', 'M'], ['P', 'P', 'M'], ['G', 'M', 'P'], ['M', 'P', 'G'], ['GG', 'GG'], ['M', 'M', 'M'], ['G', 'M', 'M'], ['M', 'M', 'G'], ['G', 'P', 'P'], ['M', 'M', 'G'], ['P', 'M', 'P'], ['G', 'M', 'M'], ['G', 'M', 'M'], ['G', 'M', 'P'], ['M', 'G', 'M'], ['M', 'M', 'M'], ['M', 'G', 'M'], ['P', 'P', 'G'], ['G', 'P'], ['G', 'P', 'M'], ['G', 'GG'], ['M', 'M', 'G'], ['M', 'M', 'P'], ['M', 'G', 'M'], ['P', 'M', 'G'], ['M', 'P', 'P'], ['M', 'GG'], ['G', 'G'], ['G', 'G'], ['G', 'GG'], ['GG', 'GG'], ['P', 'G', 'M'], ['M', 'G', 'M'], ['G', 'G'], ['GG', 'GG'], ['GG', 'M'], ['GG', 'GG'], ['GG', 'G'], ['M', 'M', 'M'], ['G', 'GG'], ['M', 'P', 'G'], ['GG', 'GG'], ['GG', 'G'], ['GG', 'GG'], ['G', 'M'], ['G', 'P', 'P'], ['G', 'G'], ['M', 'P', 'M'], ['G', 'GG'], ['GG', 'M'], ['M', 'G'], ['GG', 'GG'], ['G', 'M', 'M'], ['P', 'G'], ['GG', 'GG'], ['G', 'M', 'M'], ['M', 'M', 'M'], ['G', 'M', 'P'], ['G', 'M', 'M'], ['M', 'P', 'G'], ['M', 'G', 'M'], ['G', 'M', 'P'], ['M', 'G', 'M'], ['GG', 'GG'], ['GG', 'GG'], ['GG', 'G'], ['M', 'M', 'G'], ['GG', 'GG'], ['GG', 'GG'], ['M', 'M', 'M'], ['G', 'G'], ['M', 'M', 'G'], ['M', 'P', 'M'], ['G', 'P', 'M'], ['M', 'G', 'M'], ['M', 'G', 'M'], ['P', 'M', 'P'], ['GG', 'M'], ['M', 'G'], ['G', 'M', 'M'], ['M', 'G'], ['GG', 'GG'], ['GG', 'M'], ['M', 'G', 'M'], ['GG', 'G'], ['M', 'G', 'M'], ['M', 'G', 'M'], ['M', 'P', 'G'], ['M', 'M', 'M'], ['M', 'P'], ['GG', 'M'], ['GG', 'G'], ['GG', 'G'], ['G', 'M', 'M'], ['M', 'M', 'G'], ['M', 'M', 'M'], ['GG', 'GG'], ['M', 'G'], ['G', 'M', 'M'], ['GG', 'GG'], ['GG', 'G'], ['M', 'G', 'M'], ['M', 'G'], ['G', 'P', 'M'], ['M', 'P', 'M'], ['M', 'GG'], ['GG', 'GG'], ['M', 'M', 'G'], ['M', 'M', 'M'], ['G', 'GG'], ['GG', 'G'], ['P', 'P', 'P'], ['M', 'P', 'G'], ['M', 'M', 'P'], ['P', 'G'], ['GG', 'GG'], ['GG', 'GG'], ['GG', 'M'], ['GG', 'GG'], ['G', 'M', 'M'], ['M', 'P', 'G'], ['P', 'M', 'M'], ['M', 'G'], ['G', 'M', 'M'], ['G', 'M'], ['G', 'M', 'M'], ['P', 'G', 'M'], ['M', 'M', 'G'], ['M', 'M', 'G'], ['P', 'P', 'G'], ['M', 'P', 'G'], ['G', 'G'], ['G', 'P'], ['GG', 'G'], ['M', 'M', 'G'], ['G', 'GG']]"
5000,175.7088394165039,83.49999999999996,2,147,"[['GG', 'GG'], ['GG', 'GG'], ['G', 'M', 'M'], ['M', 'M', 'M'], ['GG', 'G'], ['M', 'M', 'G'], ['P', 'P', 'M'], ['G', 'G'], ['M', 'M', 'M'], ['M', 'G', 'P'], ['G', 'G'], ['G', 'M', 'M'], ['P', 'G', 'M'], ['P', 'P', 'M'], ['P', 'P', 'G'], ['M', 'M', 'G'], ['M', 'GG'], ['GG', 'GG'], ['GG', 'GG'], ['M', 'P', 'G'], ['M', 'G'], ['GG', 'GG'], ['G', 'P', 'P'], ['G', 'P', 'M'], ['M', 'M', 'G'], ['G', 'GG'], ['G', 'M'], ['G', 'M', 'P'], ['G', 'G'], ['M', 'M', 'P'], ['G', 'P', 'M'], ['M', 'G', 'M'], ['M', 'G', 'M'], ['G', 'G'], ['G', 'P', 'M'], ['M', 'P', 'G'], ['M', 'M', 'G'], ['M', 'G', 'P'], ['P', 'P', 'M'], ['M', 'GG'], ['GG', 'G'], ['M', 'P', 'P'], ['G', 'P', 'M'], ['M', 'M'], ['GG', 'GG'], ['M', 'G', 'M'], ['M', 'M', 'M'], ['P', 'M', 'M'], ['G', 'M', 'M'], ['G', 'M'], ['GG', 'GG'], ['G', 'M', 'M'], ['P', 'P', 'P'], ['G', 'G'], ['GG', 'GG'], ['G', 'GG'], ['GG', 'GG'], ['G', 'M', 'M'], ['GG', 'GG'], ['G', 'M'], ['G', 'G'], ['G', 'M', 'M'], ['P', 'M', 'G'], ['M', 'P', 'M'], ['M', 'M', 'M'], ['G', 'P', 'P'], ['M', 'M', 'G'], ['G', 'M'], ['GG', 'GG'], ['P', 'M', 'G'], ['M', 'M', 'G'], ['M', 'M', 'G'], ['P', 'GG'], ['GG', 'GG'], ['GG', 'G'], ['M', 'G', 'M'], ['P', 'M', 'G'], ['M', 'GG'], ['G', 'GG'], ['GG', 'M'], ['G', 'GG'], ['G', 'GG'], ['G', 'M', 'P'], ['P', 'GG'], ['G', 'GG'], ['G', 'G'], ['M', 'M', 'M'], ['M', 'G', 'P'], ['G', 'G'], ['GG', 'GG'], ['G', 'G'], ['GG', 'GG'], ['G', 'P', 'M'], ['M', 'G', 'M'], ['GG', 'M'], ['M', 'G', 'M'], ['M', 'P', 'M'], ['P', 'M'], ['GG', 'G'], ['G', 'M', 'M'], ['M', 'G', 'M'], ['GG', 'M'], ['G', 'P', 'M'], ['GG', 'GG'], ['GG', 'GG'], ['M', 'P', 'P'], ['M', 'M'], ['GG', 'M'], ['M', 'G', 'M'], ['GG', 'GG'], ['M', 'G', 'M'], ['M', 'M', 'G'], ['M', 'P', 'G'], ['G', 'M', 'M'], ['M', 'G', 'M'], ['M', 'G', 'M'], ['G', 'M', 'M'], ['M', 'P', 'M'], ['G', 'M', 'M'], ['M', 'G'], ['G', 'M', 'P'], ['M', 'GG'], ['G', 'M', 'M'], ['M', 'P', 'G'], ['GG', 'GG'], ['GG', 'GG'], ['G', 'G'], ['M', 'M', 'M'], ['G', 'M'], ['G', 'P', 'M'], ['M', 'M', 'G'], ['M', 'GG'], ['GG', 'G'], ['P', 'G', 'M'], ['M', 'M'], ['GG', 'M'], ['M', 'M', 'G'], ['M', 'M', 'G'], ['G', 'M', 'P'], ['GG', 'GG'], ['GG', 'GG'], ['G', 'G'], ['M', 'G', 'M'], ['GG', 'GG'], ['M', 'GG'], ['GG', 'M'], ['GG']]"
5000,174.70903134346008,88.49999999999997,3,148,"[['GG', 'G'], ['GG', 'GG'], ['M', 'M', 'G'], ['M', 'P', 'M'], ['G', 'M'], ['G', 'G'], ['M', 'G', 'M'], ['M', 'M', 'M'], ['P', 'G', 'M'], ['M', 'GG'], ['G', 'M', 'P'], ['GG', 'GG'], ['GG', 'GG'], ['GG', 'G'], ['M', 'M', 'G'], ['M', 'P', 'P'], ['M', 'M', 'G'], ['GG', 'G'], ['P', 'M', 'G'], ['M', 'M', 'G'], ['M', 'P', 'M'], ['G', 'G'], ['P', 'M', 'M'], ['P', 'M', 'G'], ['M', 'P', 'M'], ['G', 'G'], ['M', 'M', 'M'], ['G', 'M', 'M'], ['G', 'M', 'M'], ['GG', 'GG'], ['GG', 'GG'], ['GG', 'G'], ['M', 'M', 'M'], ['M', 'G', 'M'], ['P', 'M', 'M'], ['G', 'M'], ['G', 'M', 'P'], ['M', 'M'], ['GG', 'G'], ['GG', 'GG'], ['M', 'GG'], ['M', 'M', 'G'], ['M', 'G', 'M'], ['M', 'G', 'P'], ['G', 'M', 'M'], ['P', 'G', 'P'], ['G', 'GG'], ['M', 'M', 'M'], ['G', 'GG'], ['M', 'P', 'G'], ['M', 'G', 'P'], ['M', 'G'], ['G', 'M', 'P'], ['G', 'M'], ['GG', 'G'], ['GG', 'G'], ['M', 'M', 'G'], ['M', 'G', 'M'], ['GG', 'G'], ['M', 'M', 'M'], ['M', 'M', 'M'], ['M', 'G', 'M'], ['P', 'G', 'P'], ['GG', 'GG'], ['GG', 'M'], ['P', 'M', 'G'], ['M', 'M'], ['GG', 'M'], ['P', 'M', 'G'], ['P', 'M', 'M'], ['GG', 'GG'], ['GG', 'GG'], ['M', 'M', 'P'], ['G', 'M', 'M'], ['G', 'G'], ['GG', 'G'], ['G', 'GG'], ['G', 'GG'], ['M', 'M'], ['GG', 'G'], ['M', 'G', 'M'], ['G', 'GG'], ['P', 'M', 'M'], ['GG', 'GG'], ['M', 'G'], ['GG', 'GG'], ['M', 'GG'], ['M', 'M', 'P'], ['M', 'P', 'G'], ['M', 'M', 'G'], ['M', 'G', 'M'], ['P', 'P', 'G'], ['M', 'G', 'P'], ['M', 'M', 'P'], ['M', 'G', 'M'], ['M', 'M', 'G'], ['G', 'M', 'M'], ['G', 'M', 'M'], ['M', 'G', 'M'], ['P', 'G'], ['GG', 'GG'], ['GG', 'GG'], ['G', 'GG'], ['M', 'G', 'P'], ['P', 'M'], ['GG', 'GG'], ['G', 'P'], ['G', 'G'], ['GG', 'G'], ['GG', 'GG'], ['P', 'G', 'M'], ['G', 'M', 'M'], ['M', 'P', 'G'], ['P', 'P', 'M'], ['G', 'M', 'M'], ['M', 'M', 'M'], ['M', 'P', 'M'], ['P', 'G', 'P'], ['M', 'P', 'G'], ['M', 'P'], ['GG', 'G'], ['M', 'G', 'M'], ['P', 'G', 'M'], ['GG', 'GG'], ['M', 'P'], ['GG', 'GG'], ['G', 'G'], ['GG', 'G'], ['G', 'GG'], ['M', 'G'], ['G', 'M', 'M'], ['G', 'M', 'M'], ['M', 'G', 'P'], ['M', 'P', 'G'], ['G', 'M', 'M'], ['G', 'G'], ['GG', 'GG'], ['GG', 'P'], ['GG', 'GG'], ['GG', 'G'], ['M', 'M', 'G'], ['P', 'GG'], ['GG', 'GG'], ['M', 'GG'], ['M', 'GG'], ['G', 'M'], ['G', 'M'], ['G', 'M']]"
10000,340.1464729309082,68.49999999999994,1,144,"[['G', 'GG'], ['M', 'M', 'G'], ['P', 'G'], ['GG', 'GG'], ['GG', 'GG'], ['GG', 'GG'], ['M', 'G', 'P'], ['M', 'G'], ['G', 'GG'], ['G', 'GG'], ['GG', 'G'], ['M', 'M', 'G'], ['M', 'P', 'M'], ['G', 'M', 'M'], ['G', 'M', 'P'], ['G', 'GG'], ['G', 'P', 'P'], ['M', 'P', 'G'], ['M', 'G', 'M'], ['M', 'GG'], ['G', 'GG'], ['GG', 'GG'], ['G', 'M', 'P'], ['P', 'M'], ['GG', 'GG'], ['GG', 'G'], ['M', 'M', 'G'], ['M', 'M', 'G'], ['P', 'M', 'G'], ['GG', 'G'], ['GG', 'G'], ['M', 'P', 'G'], ['GG', 'P'], ['G', 'M', 'M'], ['P', 'G', 'P'], ['M', 'G', 'P'], ['M', 'M', 'M'], ['M', 'G', 'M'], ['M', 'M', 'G'], ['GG', 'GG'], ['GG', 'M'], ['M', 'P', 'M'], ['M', 'G'], ['GG', 'GG'], ['M', 'G', 'M'], ['G', 'M', 'M'], ['G', 'P', 'M'], ['M', 'G', 'M'], ['M', 'G'], ['G', 'P', 'P'], ['G', 'M', 'M'], ['M', 'P', 'G'], ['M', 'G', 'M'], ['M', 'GG'], ['P', 'M', 'G'], ['P', 'P', 'P'], ['G', 'M'], ['G', 'P', 'M'], ['G', 'M', 'M'], ['G', 'P', 'M'], ['GG', 'GG'], ['GG', 'GG'], ['G', 'P', 'M'], ['G', 'G'], ['GG', 'GG'], ['GG', 'GG'], ['G', 'M', 'M'], ['M', 'M', 'M'], ['M', 'G', 'M'], ['M', 'M'], ['GG', 'G'], ['G', 'M'], ['GG', 'M'], ['M', 'G', 'M'], ['P', 'GG'], ['GG', 'P'], ['GG', 'GG'], ['M', 'M', 'P'], ['M', 'M', 'M'], ['P', 'M', 'G'], ['M', 'P', 'M'], ['M', 'G', 'M'], ['GG', 'P'], ['G', 'GG'], ['G', 'M', 'P'], ['M', 'M', 'M'], ['M', 'G', 'M'], ['GG', 'GG'], ['M', 'P', 'G'], ['GG', 'G'], ['M', 'M', 'M'], ['P', 'G', 'M'], ['M', 'M', 'G'], ['M', 'M', 'G'], ['GG', 'M'], ['GG', 'G'], ['M', 'G', 'P'], ['M', 'G', 'P'], ['M', 'M', 'G'], ['P', 'G', 'M'], ['GG', 'GG'], ['M', 'G', 'M'], ['G', 'GG'], ['GG', 'G'], ['P', 'P', 'G'], ['G', 'GG'], ['M', 'G', 'P'], ['P', 'G'], ['G', 'G'], ['M', 'M', 'M'], ['M', 'G'], ['G', 'P', 'M'], ['M', 'G', 'M'], ['M', 'G', 'M'], ['GG', 'GG'], ['G', 'GG'], ['GG', 'GG'], ['M', 'M', 'G'], ['P', 'M', 'G'], ['M', 'GG'], ['M', 'M', 'G'], ['GG', 'GG'], ['GG', 'M'], ['M', 'G', 'M'], ['M', 'G', 'M'], ['M', 'G', 'P'], ['M', 'G', 'M'], ['M', 'M', 'G'], ['GG', 'GG'], ['M', 'G', 'M'], ['M', 'G'], ['GG', 'GG'], ['M', 'M', 'G'], ['M', 'G', 'P'], ['M', 'G', 'M'], ['M', 'G', 'P'], ['M', 'G', 'M'], ['P', 'M', 'G'], ['GG', 'GG'], ['GG', 'GG'], ['M', 'M', 'M'], ['G', 'P', 'M'], ['G', 'M', 'M'], ['M', 'G', 'M']]"
10000,351.7595751285553,58.49999999999996,2,142,"[['M', 'GG'], ['M', 'M', 'G'], ['GG', 'GG'], ['GG', 'GG'], ['M', 'P', 'M'], ['M', 'G', 'M'], ['M', 'G'], ['G', 'GG'], ['GG', 'GG'], ['GG', 'GG'], ['GG', 'M'], ['G', 'M', 'M'], ['G', 'M', 'P'], ['M', 'P', 'G'], ['G', 'GG'], ['G', 'M', 'P'], ['M', 'M', 'G'], ['M', 'P', 'M'], ['M', 'G', 'M'], ['M', 'GG'], ['G', 'M', 'M'], ['P', 'G', 'M'], ['M', 'M', 'M'], ['G', 'M', 'M'], ['G', 'M', 'M'], ['M', 'G', 'P'], ['M', 'GG'], ['GG', 'GG'], ['GG', 'G'], ['G', 'GG'], ['GG', 'GG'], ['G', 'GG'], ['G', 'M', 'M'], ['M', 'P', 'G'], ['P', 'M', 'G'], ['P', 'G', 'P'], ['P', 'P', 'G'], ['M', 'M', 'G'], ['M', 'M', 'M'], ['G', 'M', 'M'], ['G', 'M', 'M'], ['M', 'P', 'G'], ['GG', 'GG'], ['G', 'M', 'M'], ['M', 'M', 'G'], ['P', 'M', 'M'], ['M', 'G', 'P'], ['M', 'M', 'M'], ['P', 'M', 'P'], ['GG', 'GG'], ['GG', 'GG'], ['GG', 'GG'], ['M', 'M', 'G'], ['M', 'GG'], ['G', 'P', 'M'], ['M', 'M', 'G'], ['GG', 'GG'], ['GG', 'GG'], ['M', 'M', 'G'], ['M', 'P', 'P'], ['M', 'P', 'M'], ['M', 'G', 'M'], ['G', 'G'], ['M', 'M', 'G'], ['G', 'GG'], ['G', 'M', 'P'], ['P', 'G', 'M'], ['G', 'M', 'M'], ['G', 'G'], ['M', 'M', 'M'], ['G', 'M', 'M'], ['M', 'G'], ['G', 'G'], ['G', 'M', 'M'], ['P', 'M', 'G'], ['GG', 'GG'], ['GG', 'G'], ['P', 'M', 'G'], ['M', 'M', 'G'], ['GG', 'G'], ['G', 'GG'], ['M', 'M', 'M'], ['G', 'M', 'M'], ['G', 'GG'], ['GG', 'GG'], ['GG', 'M'], ['G', 'M', 'P'], ['P', 'G', 'P'], ['P', 'P', 'M'], ['M', 'G', 'M'], ['M', 'G', 'M'], ['M', 'G', 'M'], ['GG', 'G'], ['M', 'P', 'G'], ['M', 'G', 'M'], ['M', 'G', 'P'], ['M', 'P', 'M'], ['G', 'P', 'M'], ['M', 'G', 'M'], ['G', 'P', 'M'], ['G', 'P', 'M'], ['M', 'G', 'M'], ['GG', 'G'], ['M', 'M', 'G'], ['M', 'M', 'M'], ['G', 'M', 'M'], ['M', 'G', 'M'], ['M', 'G', 'P'], ['P', 'G', 'M'], ['P', 'G', 'M'], ['P', 'GG'], ['GG', 'M'], ['G', 'GG'], ['GG', 'GG'], ['GG', 'GG'], ['G', 'GG'], ['G', 'GG'], ['G', 'P', 'M'], ['G', 'M', 'P'], ['G', 'M', 'M'], ['GG', 'GG'], ['G', 'GG'], ['GG', 'GG'], ['P', 'G', 'M'], ['G', 'P', 'P'], ['G', 'GG'], ['M', 'M', 'M'], ['G', 'GG'], ['M', 'G', 'P'], ['M', 'G', 'M'], ['G', 'M'], ['G', 'M', 'M'], ['M', 'G'], ['GG', 'GG'], ['GG', 'GG'], ['M', 'M', 'G'], ['P', 'P', 'G'], ['GG', 'GG'], ['M', 'G', 'M'], ['G', 'P', 'M'], ['M', 'G'], ['GG', 'GG']]"
10000,340.7935254573822,58.499999999999986,3,142,"[['GG', 'G'], ['M', 'M', 'G'], ['G', 'G'], ['G', 'P', 'M'], ['G', 'M', 'M'], ['G', 'GG'], ['P', 'M', 'M'], ['GG', 'GG'], ['G', 'M', 'M'], ['G', 'M', 'M'], ['M', 'M', 'G'], ['M', 'G', 'P'], ['M', 'M', 'G'], ['G', 'GG'], ['G', 'GG'], ['GG', 'G'], ['GG', 'G'], ['G', 'M', 'M'], ['G', 'GG'], ['GG', 'GG'], ['GG', 'G'], ['M', 'M', 'G'], ['M', 'P', 'P'], ['M', 'G', 'M'], ['M', 'G', 'M'], ['G', 'M', 'M'], ['GG', 'GG'], ['M', 'G', 'M'], ['M', 'G', 'M'], ['GG', 'P'], ['P', 'G', 'P'], ['M', 'M', 'M'], ['G', 'M'], ['G', 'M', 'M'], ['GG', 'G'], ['GG', 'GG'], ['G', 'M'], ['G', 'M', 'M'], ['GG', 'GG'], ['GG', 'GG'], ['P', 'M', 'G'], ['P', 'G'], ['GG', 'GG'], ['GG', 'G'], ['P', 'M', 'M'], ['M', 'P', 'G'], ['M', 'P', 'M'], ['G', 'P', 'M'], ['G', 'GG'], ['GG', 'GG'], ['GG', 'M'], ['GG', 'GG'], ['GG', 'GG'], ['GG', 'G'], ['M', 'G', 'M'], ['M', 'M', 'G'], ['P', 'M', 'P'], ['G', 'P', 'M'], ['P', 'M', 'G'], ['M', 'G', 'M'], ['GG', 'GG'], ['G', 'P', 'M'], ['G', 'GG'], ['GG', 'M'], ['G', 'GG'], ['G', 'P', 'M'], ['M', 'G', 'M'], ['G', 'M', 'M'], ['P', 'G', 'M'], ['G', 'M', 'M'], ['M', 'G', 'M'], ['GG', 'G'], ['GG', 'G'], ['P', 'G', 'P'], ['P', 'M', 'G'], ['M', 'M', 'G'], ['GG', 'G'], ['M', 'G', 'M'], ['M', 'M', 'G'], ['M', 'P', 'M'], ['G', 'G'], ['M', 'M', 'P'], ['M', 'M', 'P'], ['M', 'G', 'P'], ['M', 'M', 'G'], ['M', 'GG'], ['GG', 'G'], ['GG', 'GG'], ['G', 'GG'], ['GG', 'G'], ['GG', 'GG'], ['M', 'M', 'M'], ['M', 'P', 'M'], ['G', 'P', 'M'], ['M', 'GG'], ['GG', 'G'], ['GG', 'GG'], ['GG', 'GG'], ['P', 'G', 'M'], ['P', 'G', 'M'], ['M', 'M', 'M'], ['G', 'G'], ['M', 'M', 'M'], ['P', 'P', 'M'], ['G', 'M', 'P'], ['M', 'G', 'P'], ['GG', 'GG'], ['GG', 'GG'], ['G', 'M', 'M'], ['M', 'M', 'G'], ['M', 'G', 'P'], ['M', 'M', 'M'], ['P', 'M', 'M'], ['M', 'M', 'M'], ['G', 'GG'], ['GG', 'G'], ['M', 'M', 'M'], ['M', 'G', 'M'], ['G', 'P', 'M'], ['M', 'G', 'P'], ['GG', 'M'], ['GG', 'GG'], ['M', 'M', 'G'], ['GG', 'G'], ['G', 'M', 'P'], ['G', 'M', 'M'], ['GG', 'GG'], ['G', 'M', 'P'], ['P', 'M', 'G'], ['G', 'M', 'M'], ['G', 'M', 'M'], ['G', 'M', 'M'], ['M', 'M', 'M'], ['P', 'G', 'P'], ['M', 'G', 'M'], ['G', 'P', 'M'], ['M', 'M', 'G'], ['M', 'P', 'G'], ['GG', 'GG'], ['P', 'P', 'G'], ['P', 'G', 'M'], ['M', 'M', 'G']]"
50000,1738.7720928192139,48.49999999999996,1,140,"[['M', 'G', 'M'], ['P', 'G', 'M'], ['P', 'M', 'G'], ['M', 'M', 'M'], ['G', 'M', 'M'], ['M', 'G', 'P'], ['P', 'M', 'P'], ['M', 'G', 'M'], ['M', 'M', 'G'], ['GG', 'GG'], ['G', 'G'], ['G', 'M', 'M'], ['G', 'P', 'M'], ['G', 'M', 'M'], ['G', 'P', 'M'], ['GG', 'GG'], ['P', 'G', 'M'], ['GG', 'GG'], ['GG', 'G'], ['GG', 'M'], ['P', 'M', 'G'], ['GG', 'G'], ['G', 'P', 'M'], ['G', 'M', 'M'], ['G', 'GG'], ['G', 'P', 'M'], ['M', 'P', 'G'], ['M', 'G', 'M'], ['P', 'GG'], ['GG', 'G'], ['GG', 'G'], ['P', 'M', 'G'], ['M', 'M', 'G'], ['GG', 'GG'], ['M', 'M', 'M'], ['G', 'GG'], ['M', 'G', 'M'], ['M', 'M', 'G'], ['G', 'GG'], ['G', 'GG'], ['G', 'M', 'M'], ['M', 'M', 'P'], ['G', 'M', 'M'], ['M', 'G', 'M'], ['M', 'M', 'G'], ['G', 'GG'], ['GG', 'GG'], ['G', 'M', 'M'], ['GG', 'GG'], ['GG', 'GG'], ['M', 'G', 'M'], ['M', 'M', 'G'], ['GG', 'GG'], ['GG', 'GG'], ['G', 'P', 'M'], ['G', 'M', 'M'], ['M', 'M', 'G'], ['GG', 'M'], ['G', 'M', 'M'], ['M', 'M', 'G'], ['P', 'M', 'G'], ['M', 'G', 'P'], ['GG', 'GG'], ['G', 'M', 'M'], ['G', 'GG'], ['M', 'G', 'M'], ['P', 'M', 'M'], ['M', 'P', 'G'], ['M', 'M', 'P'], ['GG', 'G'], ['P', 'P', 'G'], ['M', 'P', 'G'], ['M', 'M', 'M'], ['GG', 'G'], ['M', 'G', 'P'], ['M', 'GG'], ['GG', 'G'], ['GG', 'GG'], ['G', 'M', 'M'], ['M', 'M', 'P'], ['M', 'M', 'M'], ['G', 'M', 'M'], ['GG', 'GG'], ['M', 'G', 'P'], ['M', 'GG'], ['GG', 'GG'], ['GG', 'GG'], ['M', 'G', 'P'], ['P', 'G', 'M'], ['M', 'M', 'G'], ['G', 'GG'], ['G', 'P', 'M'], ['M', 'G', 'M'], ['G', 'M', 'P'], ['M', 'G', 'P'], ['G', 'M', 'P'], ['GG', 'GG'], ['GG', 'G'], ['M', 'M', 'G'], ['M', 'M', 'P'], ['M', 'M', 'G'], ['GG', 'GG'], ['G', 'M', 'M'], ['G', 'GG'], ['GG', 'GG'], ['M', 'G', 'M'], ['GG', 'GG'], ['M', 'G', 'M'], ['P', 'G', 'M'], ['M', 'P', 'M'], ['M', 'G', 'M'], ['M', 'M', 'G'], ['G', 'GG'], ['GG', 'GG'], ['G', 'M', 'P'], ['P', 'G', 'M'], ['M', 'M', 'M'], ['P', 'M', 'G'], ['M', 'M', 'G'], ['P', 'M', 'G'], ['P', 'M', 'G'], ['P', 'M', 'G'], ['M', 'GG'], ['GG', 'G'], ['G', 'GG'], ['GG', 'GG'], ['GG', 'G'], ['M', 'G', 'P'], ['M', 'M', 'G'], ['M', 'M', 'M'], ['M', 'G', 'P'], ['P', 'G', 'M'], ['M', 'G'], ['G', 'M', 'M'], ['P', 'G', 'M'], ['GG', 'GG'], ['G', 'M', 'P'], ['M', 'P', 'G'], ['P', 'G', 'P'], ['GG', 'GG']]"
50000,1714.521829366684,48.49999999999995,2,140,"[['GG', 'GG'], ['GG', 'GG'], ['GG', 'GG'], ['G', 'GG'], ['GG', 'GG'], ['G', 'GG'], ['G', 'P', 'P'], ['G', 'P', 'P'], ['M', 'P', 'G'], ['M', 'M', 'G'], ['M', 'M', 'G'], ['M', 'G', 'P'], ['P', 'G', 'P'], ['M', 'M', 'M'], ['M', 'M', 'G'], ['G', 'GG'], ['GG', 'G'], ['M', 'M', 'G'], ['M', 'P', 'G'], ['G', 'P', 'M'], ['GG', 'M'], ['GG', 'GG'], ['GG', 'GG'], ['GG', 'M'], ['M', 'G', 'M'], ['M', 'G', 'M'], ['GG', 'GG'], ['G', 'M', 'M'], ['M', 'M', 'G'], ['P', 'M', 'P'], ['G', 'M', 'M'], ['G', 'G'], ['GG', 'GG'], ['G', 'GG'], ['G', 'G'], ['M', 'M', 'M'], ['G', 'M', 'M'], ['M', 'GG'], ['G', 'G'], ['M', 'M', 'M'], ['G', 'M', 'M'], ['G', 'M', 'P'], ['M', 'G'], ['G', 'M'], ['G', 'P', 'M'], ['P', 'G', 'M'], ['G', 'P', 'P'], ['GG', 'G'], ['G', 'GG'], ['P', 'M', 'M'], ['G', 'P', 'M'], ['M', 'G', 'M'], ['G', 'GG'], ['GG', 'G'], ['P', 'P', 'G'], ['M', 'M', 'G'], ['GG', 'G'], ['GG', 'GG'], ['GG', 'GG'], ['GG', 'M'], ['M', 'G', 'M'], ['G', 'M', 'M'], ['M', 'M', 'M'], ['G', 'M', 'P'], ['GG', 'GG'], ['G', 'M', 'M'], ['G', 'GG'], ['P', 'G', 'M'], ['P', 'G', 'P'], ['M', 'G', 'P'], ['M', 'G', 'M'], ['M', 'M', 'G'], ['M', 'M', 'M'], ['P', 'G', 'M'], ['GG', 'GG'], ['GG', 'GG'], ['G', 'P', 'M'], ['M', 'P', 'G'], ['M', 'M', 'G'], ['P', 'M', 'M'], ['M', 'G', 'M'], ['M', 'M', 'G'], ['G', 'M', 'M'], ['M', 'G', 'M'], ['GG', 'P'], ['G', 'M', 'P'], ['M', 'G', 'P'], ['M', 'M', 'G'], ['GG', 'GG'], ['P', 'G', 'M'], ['M', 'G', 'M'], ['P', 'M', 'M'], ['M', 'G', 'P'], ['M', 'M', 'P'], ['GG', 'GG'], ['G', 'GG'], ['P', 'G', 'M'], ['P', 'G', 'M'], ['GG', 'GG'], ['GG', 'GG'], ['M', 'G', 'M'], ['M', 'G', 'M'], ['M', 'G', 'M'], ['G', 'P', 'P'], ['GG', 'GG'], ['GG', 'G'], ['M', 'G', 'M'], ['GG', 'GG'], ['M', 'M', 'G'], ['M', 'G', 'M'], ['G', 'M', 'M'], ['M', 'G', 'M'], ['G', 'M', 'P'], ['G', 'M', 'M'], ['G', 'M', 'M'], ['G', 'M', 'M'], ['G', 'GG'], ['GG', 'GG'], ['GG', 'GG'], ['GG', 'GG'], ['P', 'G', 'M'], ['GG', 'GG'], ['P', 'G', 'M'], ['M', 'G', 'P'], ['M', 'G', 'M'], ['G', 'M', 'P'], ['M', 'G', 'P'], ['G', 'M', 'M'], ['G', 'M', 'M'], ['G', 'M', 'M'], ['M', 'M', 'G'], ['M', 'M', 'M'], ['P', 'M', 'G'], ['M', 'M', 'G'], ['GG', 'GG'], ['GG', 'GG'], ['P', 'GG'], ['M', 'M', 'M'], ['M', 'G', 'M'], ['M', 'G', 'P']]"
50000,1743.7817256450653,43.499999999999964,3,139,"[['M', 'G', 'M'], ['M', 'M', 'G'], ['M', 'GG'], ['GG', 'GG'], ['GG', 'GG'], ['M', 'G', 'P'], ['M', 'M', 'M'], ['G', 'G'], ['GG', 'GG'], ['P', 'G', 'M'], ['M', 'G', 'M'], ['GG', 'GG'], ['G', 'M', 'M'], ['P', 'M', 'G'], ['GG', 'G'], ['M', 'M', 'G'], ['M', 'G', 'P'], ['G', 'M', 'M'], ['GG', 'GG'], ['GG', 'M'], ['G', 'M', 'M'], ['M', 'G', 'M'], ['M', 'G', 'M'], ['P', 'M', 'G'], ['GG', 'GG'], ['GG', 'GG'], ['GG', 'GG'], ['P', 'G', 'M'], ['M', 'G', 'M'], ['P', 'P', 'G'], ['M', 'M', 'G'], ['M', 'M', 'G'], ['P', 'G', 'M'], ['M', 'M', 'M'], ['M', 'G'], ['G', 'M', 'M'], ['M', 'M', 'M'], ['G', 'M', 'P'], ['M', 'G', 'M'], ['M', 'M', 'G'], ['M', 'M', 'G'], ['M', 'M', 'G'], ['P', 'M', 'M'], ['P', 'P', 'G'], ['GG', 'GG'], ['G', 'GG'], ['P', 'M', 'G'], ['GG', 'GG'], ['GG', 'GG'], ['GG', 'G'], ['G', 'M', 'M'], ['P', 'GG'], ['GG', 'P'], ['G', 'P', 'M'], ['M', 'G', 'M'], ['P', 'G', 'M'], ['G', 'G'], ['M', 'M', 'M'], ['G', 'M', 'M'], ['G', 'M', 'M'], ['M', 'G', 'M'], ['G', 'M', 'M'], ['M', 'M', 'G'], ['G', 'M', 'M'], ['M', 'P', 'G'], ['GG', 'GG'], ['GG', 'GG'], ['G', 'M', 'M'], ['G', 'GG'], ['GG', 'GG'], ['GG', 'G'], ['M', 'P', 'M'], ['M', 'M', 'G'], ['M', 'M', 'G'], ['M', 'P', 'G'], ['M', 'P', 'M'], ['M', 'G', 'P'], ['M', 'G', 'M'], ['M', 'M', 'G'], ['M', 'P', 'G'], ['M', 'M', 'G'], ['GG', 'G'], ['M', 'P', 'G'], ['GG', 'GG'], ['GG', 'GG'], ['M', 'P', 'G'], ['G', 'M', 'M'], ['M', 'G', 'P'], ['G', 'M', 'M'], ['P', 'G', 'M'], ['GG', 'G'], ['GG', 'GG'], ['G', 'GG'], ['G', 'M', 'M'], ['M', 'GG'], ['GG', 'GG'], ['GG', 'GG'], ['P', 'G', 'M'], ['M', 'M', 'G'], ['M', 'P', 'G'], ['P', 'M', 'G'], ['M', 'M', 'M'], ['GG', 'G'], ['M', 'P', 'G'], ['P', 'M', 'G'], ['M', 'G', 'M'], ['P', 'M', 'G'], ['GG', 'GG'], ['G', 'P', 'M'], ['P', 'G', 'M'], ['GG', 'GG'], ['G', 'M', 'M'], ['M', 'M', 'G'], ['M', 'M', 'G'], ['P', 'GG'], ['G', 'P', 'M'], ['M', 'M', 'G'], ['GG', 'GG'], ['GG', 'GG'], ['G', 'P', 'M'], ['M', 'M', 'G'], ['M', 'M', 'P'], ['G', 'GG'], ['GG', 'GG'], ['P', 'M', 'G'], ['G', 'P', 'M'], ['M', 'G', 'P'], ['G', 'P', 'P'], ['M', 'G', 'M'], ['G', 'GG'], ['P', 'G', 'M'], ['M', 'P', 'G'], ['P', 'M', 'G'], ['M', 'M', 'G'], ['G', 'GG'], ['GG', 'GG'], ['GG', 'GG'], ['G', 'M', 'P'], ['M', 'G', 'P']]"
100000,3373.272603750229,43.49999999999999,1,139,"[['M', 'M', 'G'], ['GG', 'G'], ['G', 'M', 'M'], ['G', 'M', 'M'], ['G', 'M', 'M'], ['M', 'M', 'G'], ['P', 'M', 'G'], ['GG', 'GG'], ['GG', 'GG'], ['GG', 'G'], ['M', 'G', 'M'], ['M', 'P', 'M'], ['G', 'GG'], ['G', 'P', 'P'], ['M', 'G', 'M'], ['M', 'G', 'P'], ['M', 'M', 'M'], ['M', 'M', 'M'], ['G', 'M', 'M'], ['M', 'G', 'M'], ['M', 'G', 'M'], ['GG', 'GG'], ['G', 'P', 'M'], ['G', 'G'], ['GG', 'GG'], ['P', 'G', 'M'], ['G', 'M', 'M'], ['M', 'M', 'M'], ['G', 'M', 'M'], ['P', 'G', 'M'], ['M', 'M', 'G'], ['M', 'G', 'P'], ['M', 'M', 'G'], ['M', 'G', 'M'], ['M', 'G', 'M'], ['M', 'G', 'P'], ['M', 'GG'], ['GG', 'M'], ['GG', 'GG'], ['G', 'P', 'M'], ['G', 'P', 'P'], ['G', 'M', 'P'], ['M', 'G', 'M'], ['G', 'M', 'M'], ['G', 'GG'], ['G', 'M', 'M'], ['G', 'P', 'P'], ['M', 'G', 'P'], ['P', 'G', 'M'], ['M', 'P', 'G'], ['GG', 'GG'], ['G', 'M', 'M'], ['G', 'M', 'M'], ['M', 'M', 'M'], ['G', 'M', 'P'], ['P', 'G', 'P'], ['M', 'G', 'M'], ['M', 'G', 'M'], ['P', 'M', 'G'], ['M', 'M', 'G'], ['G', 'GG'], ['G', 'GG'], ['M', 'GG'], ['M', 'G', 'P'], ['GG', 'GG'], ['G', 'M', 'M'], ['G', 'M', 'P'], ['GG', 'G'], ['GG', 'GG'], ['M', 'G', 'M'], ['M', 'G', 'P'], ['P', 'G', 'M'], ['GG', 'GG'], ['GG', 'G'], ['M', 'M', 'G'], ['G', 'M', 'P'], ['M', 'P', 'G'], ['G', 'GG'], ['G', 'M', 'P'], ['GG', 'GG'], ['P', 'M', 'M'], ['G', 'P', 'M'], ['G', 'M', 'M'], ['M', 'G', 'M'], ['M', 'G', 'P'], ['M', 'G'], ['GG', 'GG'], ['GG', 'GG'], ['G', 'GG'], ['GG', 'GG'], ['GG', 'GG'], ['GG', 'GG'], ['GG', 'GG'], ['G', 'M', 'M'], ['GG', 'G'], ['M', 'P', 'M'], ['P', 'G', 'P'], ['P', 'G', 'M'], ['G', 'M', 'M'], ['P', 'G', 'M'], ['G', 'M', 'M'], ['P', 'M', 'G'], ['GG', 'G'], ['GG', 'GG'], ['GG', 'P'], ['G', 'M', 'M'], ['G', 'M', 'P'], ['M', 'G', 'M'], ['M', 'M', 'M'], ['G', 'P', 'M'], ['M', 'P', 'G'], ['GG', 'GG'], ['GG', 'GG'], ['GG', 'GG'], ['M', 'G', 'M'], ['G', 'M', 'M'], ['G', 'GG'], ['GG', 'GG'], ['M', 'P', 'M'], ['G', 'P', 'M'], ['M', 'G', 'M'], ['M', 'G', 'M'], ['M', 'M', 'G'], ['G', 'M', 'M'], ['P', 'M', 'G'], ['M', 'P', 'G'], ['M', 'M', 'G'], ['G', 'GG'], ['GG', 'G'], ['M', 'G', 'P'], ['GG', 'GG'], ['M', 'M', 'M'], ['M', 'G', 'M'], ['P', 'M', 'G'], ['GG', 'GG'], ['GG', 'GG'], ['GG', 'GG'], ['GG', 'M'], ['G', 'P', 'M']]"
100000,3471.310603618622,48.49999999999995,2,140,"[['GG', 'GG'], ['M', 'M', 'G'], ['G', 'G'], ['G', 'M', 'M'], ['P', 'G', 'P'], ['M', 'M', 'M'], ['M', 'G', 'M'], ['P', 'G', 'P'], ['M', 'M', 'G'], ['M', 'M', 'G'], ['GG', 'GG'], ['GG', 'GG'], ['G', 'M', 'M'], ['M', 'G', 'M'], ['G', 'P', 'M'], ['M', 'M', 'P'], ['GG', 'GG'], ['M', 'G', 'M'], ['M', 'G', 'P'], ['M', 'M', 'G'], ['G', 'M', 'M'], ['M', 'M', 'M'], ['G', 'M', 'M'], ['GG', 'GG'], ['GG', 'G'], ['M', 'P', 'G'], ['G', 'GG'], ['P', 'M', 'G'], ['M', 'GG'], ['G', 'GG'], ['GG', 'G'], ['GG', 'GG'], ['M', 'G', 'M'], ['M', 'M', 'M'], ['M', 'GG'], ['GG', 'GG'], ['G', 'P', 'M'], ['M', 'M', 'M'], ['G', 'M', 'P'], ['M', 'M', 'G'], ['GG', 'G'], ['G', 'GG'], ['GG', 'GG'], ['G', 'M', 'P'], ['GG', 'G'], ['M', 'M', 'G'], ['GG', 'GG'], ['GG', 'G'], ['M', 'P', 'G'], ['GG', 'G'], ['G', 'GG'], ['G', 'M', 'P'], ['P', 'M', 'G'], ['GG', 'GG'], ['GG', 'GG'], ['G', 'M', 'M'], ['M', 'G', 'M'], ['M', 'G', 'M'], ['G', 'P', 'M'], ['GG', 'GG'], ['GG', 'G'], ['G', 'GG'], ['M', 'M', 'G'], ['GG', 'GG'], ['M', 'M', 'G'], ['M', 'M', 'M'], ['G', 'GG'], ['M', 'G', 'M'], ['M', 'M', 'P'], ['M', 'M', 'G'], ['GG', 'G'], ['G', 'M', 'M'], ['P', 'G', 'M'], ['P', 'G', 'P'], ['M', 'G', 'M'], ['M', 'P', 'G'], ['GG', 'G'], ['G', 'M', 'M'], ['P', 'P', 'G'], ['M', 'M', 'G'], ['M', 'M', 'G'], ['GG', 'G'], ['G', 'GG'], ['M', 'M', 'G'], ['G', 'M', 'P'], ['GG', 'G'], ['GG', 'GG'], ['G', 'P', 'M'], ['M', 'P', 'G'], ['GG', 'GG'], ['GG', 'G'], ['GG', 'G'], ['M', 'G', 'M'], ['M', 'P', 'M'], ['G', 'GG'], ['GG', 'P'], ['GG', 'GG'], ['M', 'P', 'G'], ['M', 'M', 'P'], ['G', 'P', 'M'], ['G', 'P', 'M'], ['G', 'P', 'M'], ['M', 'G'], ['GG', 'GG'], ['G', 'M', 'M'], ['M', 'G', 'P'], ['P', 'M', 'G'], ['G', 'M', 'P'], ['GG', 'GG'], ['P', 'G', 'M'], ['P', 'G', 'M'], ['M', 'GG'], ['GG', 'GG'], ['GG', 'GG'], ['G', 'M', 'P'], ['M', 'M', 'M'], ['GG', 'GG'], ['M', 'G', 'M'], ['M', 'M', 'P'], ['P', 'G', 'M'], ['G', 'M', 'M'], ['M', 'G', 'P'], ['GG', 'GG'], ['M', 'G', 'M'], ['G', 'M', 'M'], ['M', 'G', 'M'], ['M', 'M', 'G'], ['M', 'M', 'M'], ['M', 'M', 'M'], ['P', 'G', 'M'], ['M', 'G', 'P'], ['M', 'G', 'M'], ['M', 'G', 'P'], ['P', 'P', 'P'], ['G', 'M', 'P'], ['P', 'G', 'M'], ['G', 'M', 'M'], ['M', 'M', 'G'], ['GG', 'M'], ['M', 'G', 'M']]"
100000,3475.825457572937,48.499999999999986,3,140,"[['M', 'G', 'M'], ['M', 'M', 'G'], ['M', 'G', 'M'], ['M', 'G', 'M'], ['G', 'GG'], ['GG', 'GG'], ['M', 'GG'], ['GG', 'P'], ['M', 'M', 'M'], ['M', 'G', 'M'], ['M', 'G', 'M'], ['M', 'GG'], ['GG', 'P'], ['M', 'G', 'M'], ['GG', 'GG'], ['GG', 'GG'], ['GG', 'GG'], ['P', 'G', 'P'], ['G', 'M', 'P'], ['M', 'G', 'M'], ['G', 'M', 'M'], ['M', 'M', 'G'], ['M', 'P', 'P'], ['GG', 'G'], ['GG', 'GG'], ['M', 'G', 'M'], ['M', 'GG'], ['G', 'M', 'M'], ['G', 'M', 'M'], ['GG', 'GG'], ['G', 'G'], ['GG', 'G'], ['M', 'G', 'M'], ['M', 'G', 'M'], ['M', 'M', 'G'], ['M', 'G', 'P'], ['GG', 'GG'], ['M', 'G', 'M'], ['M', 'M', 'G'], ['GG', 'G'], ['G', 'G'], ['P', 'M', 'G'], ['M', 'P', 'G'], ['P', 'G', 'M'], ['G', 'P', 'M'], ['M', 'M', 'G'], ['M', 'M', 'M'], ['GG', 'GG'], ['GG', 'G'], ['G', 'P', 'M'], ['GG', 'GG'], ['GG', 'M'], ['G', 'P', 'M'], ['G', 'M', 'M'], ['GG', 'GG'], ['G', 'G'], ['M', 'G', 'P'], ['GG', 'GG'], ['GG', 'G'], ['GG', 'GG'], ['GG', 'GG'], ['M', 'M', 'M'], ['G', 'M', 'M'], ['M', 'P', 'M'], ['M', 'M', 'G'], ['M', 'G', 'P'], ['M', 'G', 'M'], ['GG', 'G'], ['G', 'GG'], ['P', 'G', 'M'], ['G', 'M', 'M'], ['M', 'G', 'M'], ['M', 'G', 'P'], ['G', 'M', 'M'], ['M', 'M', 'G'], ['M', 'G', 'M'], ['M', 'G', 'P'], ['P', 'M', 'G'], ['G', 'GG'], ['GG', 'GG'], ['GG', 'GG'], ['P', 'G'], ['GG', 'GG'], ['M', 'M', 'M'], ['M', 'G', 'M'], ['P', 'G', 'P'], ['GG', 'P'], ['GG', 'GG'], ['M', 'M', 'G'], ['M', 'M', 'M'], ['M', 'G', 'M'], ['GG', 'GG'], ['M', 'M', 'P'], ['M', 'G', 'M'], ['G', 'P', 'M'], ['G', 'P', 'P'], ['G', 'P', 'M'], ['G', 'M', 'M'], ['P', 'M', 'G'], ['GG', 'GG'], ['GG', 'G'], ['M', 'G', 'M'], ['M', 'P', 'G'], ['M', 'G', 'M'], ['M', 'GG'], ['GG', 'GG'], ['P', 'G', 'P'], ['P', 'M', 'G'], ['GG', 'GG'], ['M', 'M', 'G'], ['M', 'M', 'G'], ['G', 'M', 'M'], ['M', 'G', 'M'], ['GG', 'GG'], ['M', 'M', 'M'], ['M', 'G', 'M'], ['P', 'G', 'M'], ['M', 'G', 'P'], ['P', 'G', 'P'], ['M', 'P', 'G'], ['G', 'P', 'P'], ['G', 'P', 'M'], ['GG', 'GG'], ['G', 'GG'], ['M', 'G', 'P'], ['M', 'G', 'M'], ['G', 'M', 'M'], ['GG', 'G'], ['GG', 'GG'], ['GG', 'M'], ['G', 'M', 'M'], ['M', 'G', 'P'], ['P', 'P', 'P'], ['G', 'M', 'P'], ['G', 'M', 'M'], ['G', 'GG'], ['M', 'P', 'G'], ['G', 'M', 'M'], ['M', 'G', 'M'], ['M', 'G', 'M']]"
